{
  "session_id": "9055434745589932991.1637753792.1637753792",
  "visit_date": "2021-11-24",
  "visit_time": "14:36:32",
  "visit_number": 1,
  "utm_source": "ZpYIoDJMcFzVoPFsHGJL",
  "utm_medium": "banner",
  "utm_campaign": "LEoPHuyFvzoNfnzGgfcd",
  "utm_adcontent": "vCIpmpaGBnIQhyYNkXqp",
  "utm_keyword": "puhZPIYqKXeFPaUviSjo",
  "device_category": "mobile",
  "device_os": "Android",
  "device_brand": "Huawei",
  "device_model": null,
  "device_screen_resolution": "360x720",
  "device_browser": "Chrome",
  "geo_country": "Russia",
  "geo_city": "Zlatoust"
}