{
  "session_id": "9059945560764436127.1639829152.1639829152",
  "visit_date": "2021-12-18",
  "visit_time": "15:05:52",
  "visit_number": 1,
  "utm_source": "ZpYIoDJMcFzVoPFsHGJL",
  "utm_medium": "banner",
  "utm_campaign": "LEoPHuyFvzoNfnzGgfcd",
  "utm_adcontent": "vCIpmpaGBnIQhyYNkXqp",
  "utm_keyword": "puhZPIYqKXeFPaUviSjo",
  "device_category": "mobile",
  "device_os": "Android",
  "device_brand": "Samsung",
  "device_model": null,
  "device_screen_resolution": "412x892",
  "device_browser": "Chrome",
  "geo_country": "Russia",
  "geo_city": "Yekaterinburg"
}