{
  "session_id": "1081406435288842328.1630961754.1630961754",
  "visit_date": "2021-09-06",
  "visit_time": "23:00:00",
  "visit_number": 1,
  "utm_source": "QxAxdyPLuQMEcrdZWdWb",
  "utm_medium": "cpm",
  "utm_campaign": "EiQppLFrUZrUsjXVulLg",
  "utm_adcontent": "JNHcPlZPxEMWDnRiyoBf",
  "utm_keyword": null,
  "device_category": "mobile",
  "device_os": null,
  "device_brand": "Samsung",
  "device_model": null,
  "device_screen_resolution": "412x869",
  "device_browser": "Android Webview",
  "geo_country": "Russia",
  "geo_city": "Moscow"
}